image_id,PredictionString
Screenshot-2025-10-24-145414_png.rf.b8b01877567b3d09888bd465095f1a75.jpg,0 0.5 0 0 100 100
IMG_20251027_164813_jpg.rf.39c13b0d8aad2a878f6601a92dd28a5d.jpg,0 0.5 0 0 100 100
Screenshot-2025-10-24-145749_png.rf.1995ef425d29c25022913e5d71ca749e.jpg,0 0.5 0 0 100 100
571300892_122181651908377091_2064773847384584437_n_jpg.rf.d71bae32c718ed39ec98fdb963986efd.jpg,0 0.5 0 0 100 100
IMG_3019_jpg.rf.1e4166a8d167a4223126c2345bd5130b.jpg,0 0.5 0 0 100 100
IMG_2995_jpg.rf.732d572f384c5e1c5adba42819e6d080.jpg,0 0.5 0 0 100 100
IMG_20251024_165230_jpg.rf.75b1086722b3cfff252ecb196c9b61dc.jpg,0 0.5 0 0 100 100
IMG_0879_jpg.rf.55ff49af28abdf12a919ca06150cda85.jpg,0 0.5 0 0 100 100
IMG_1699_jpg.rf.d80bd9bcf86eb9555941236b6dbe9a41.jpg,0 0.5 0 0 100 100
IMG_2429_jpg.rf.4ac41a906a87157d42be26ce779c57f1.jpg,0 0.5 0 0 100 100
IMG_2365_jpg.rf.f0fdaed5cd4a1612b967d73c38d8586b.jpg,0 0.5 0 0 100 100
IMG_3028_jpg.rf.6818464d28e7b23b5b996a82af334852.jpg,0 0.5 0 0 100 100
IMG_2645_jpg.rf.c94f97bfdfac5790484e3975c89d86c4.jpg,0 0.5 0 0 100 100
Screenshot-2025-10-24-143130_png.rf.3505dec458a26b75500b23272de8e126.jpg,0 0.5 0 0 100 100
Screenshot-2025-10-24-145552_png.rf.d22e9b71dc30e12a07aadaac5c9db70a.jpg,0 0.5 0 0 100 100
IMG_1101_jpg.rf.11eff6a201a507ee45d52f0f69ea9406.jpg,0 0.5 0 0 100 100
IMG_1317_jpg.rf.d7216ec5612b28079115987da28b02cd.jpg,0 0.5 0 0 100 100
IMG_20251027_171729_jpg.rf.91b43df29e35bb2dccbc25a1d978173b.jpg,0 0.5 0 0 100 100
20251029_090012_jpg.rf.237d242615e54df1163b139d91f6e486.jpg,0 0.5 0 0 100 100
IMG_3190_jpg.rf.69195825f774e21fa3b110778e5f8ae6.jpg,0 0.5 0 0 100 100
Screenshot-2025-10-24-145407_png.rf.c0840fe77c6c7dd6945d4931dbcbf3f0.jpg,0 0.5 0 0 100 100
IMG_3359_jpg.rf.cfdb55b1e58776393d362f13f88aedfe.jpg,0 0.5 0 0 100 100
IMG_1020_jpg.rf.24b67560cccbee278eda923967e027aa.jpg,0 0.5 0 0 100 100
IMG_1786_jpg.rf.f13b91d215187e1aeb86e22c0ef0cebf.jpg,0 0.5 0 0 100 100
IMG_0747_jpg.rf.c93487e7e513a9c1eb72e7c959dac50a.jpg,0 0.5 0 0 100 100
IMG_20251024_165550_jpg.rf.783eec9479e352868e93aa395b5eb696.jpg,0 0.5 0 0 100 100
IMG_20251027_170412_jpg.rf.72b1c1541cc98bf896f07dfd167f7d3a.jpg,0 0.5 0 0 100 100
IMG_5821_JPG.rf.be20eab7f9467c39133e6ffc6372d780.jpg,0 0.5 0 0 100 100
IMG_2816_jpg.rf.66fe54d9bd69901fa1fd4906675c7292.jpg,0 0.5 0 0 100 100
IMG_1056_jpg.rf.39ef8e175572bec56faeea452c8b74b0.jpg,0 0.5 0 0 100 100
20251023_154837_jpg.rf.2e42a3c4329bf98acadc2a625276d8c5.jpg,0 0.5 0 0 100 100
IMG_2900_jpg.rf.22911633dbf3e9c171ce5dbfd5f34662.jpg,0 0.5 0 0 100 100
20251027_171229_jpg.rf.9cc67821d1fbde98ba0b17540ba446bf.jpg,0 0.5 0 0 100 100
IMG_2686_jpg.rf.b1bbd4fbba25c98fd5298d6c004a5039.jpg,0 0.5 0 0 100 100
IMG_2438_jpg.rf.b068dc83882a34cb744b079b65658163.jpg,0 0.5 0 0 100 100
Screenshot-2025-10-24-144403_png.rf.f79699d28c24cf66be1cb8c0f77d1da9.jpg,0 0.5 0 0 100 100
IMG_2665_jpg.rf.51ac21280f95f2c9ceb5a377bc14f0d2.jpg,0 0.5 0 0 100 100
IMG_1110_jpg.rf.5a32b94948bd8bf5856c7eb002b32362.jpg,0 0.5 0 0 100 100
IMG_20251028_161322_jpg.rf.1f40938aad3272497f94c2aecd8eb4bc.jpg,0 0.5 0 0 100 100
IMG_5869_JPG.rf.28c4e4471efb81b1fa81db4160ea6740.jpg,0 0.5 0 0 100 100
IMG_20251028_161951_jpg.rf.4c4a04e97d1053a431c6b5eeb4e0830e.jpg,0 0.5 0 0 100 100
IMG_20251028_164205_jpg.rf.b424d172b20cf0ba3745f26ac4e01a1c.jpg,0 0.5 0 0 100 100
IMG_0809_jpg.rf.245b3f362f4c07853c843f55c4b33c83.jpg,0 0.5 0 0 100 100
IMG_3196_jpg.rf.93b511f5ed5dce7e72dbcacea8b48aa3.jpg,0 0.5 0 0 100 100
IMG_20251028_164353_jpg.rf.c7d29088e5bcd68aed6045d821fa7255.jpg,0 0.5 0 0 100 100
IMG_2713_jpg.rf.3dd34e245a98b7a6edcecd375b64abca.jpg,0 0.5 0 0 100 100
20251022_151922_jpg.rf.edee3716fa82b5d9698f9a4d79e54f91.jpg,0 0.5 0 0 100 100
20251027_170652_jpg.rf.4068724ff4df22877fb9f1b1d3c8da32.jpg,0 0.5 0 0 100 100
IMG_1802_jpg.rf.012b48170e4b94152b91e452b8e9e3cd.jpg,0 0.5 0 0 100 100
IMG_20251024_161446_jpg.rf.f588d3edab762a51a5eab8f5031c55b8.jpg,0 0.5 0 0 100 100
IMG_20251027_165118_jpg.rf.2950742103bfd07db6496d4fdda878ce.jpg,0 0.5 0 0 100 100
20251027_170723_jpg.rf.dd61700327f26749b14e2d6171b0a907.jpg,0 0.5 0 0 100 100
IMG_2778_jpg.rf.173ed80656ecd18b38925b30ef76ed26.jpg,0 0.5 0 0 100 100
20251028_164758_jpg.rf.524bdab42a11bd0aa2577762291df0da.jpg,0 0.5 0 0 100 100
20251029_125225_jpg.rf.e8452d34ec4d38bdec6f0b65dc7d5b98.jpg,0 0.5 0 0 100 100
IMG_20251024_165737_jpg.rf.f764e011683921351986a573b91adb96.jpg,0 0.5 0 0 100 100
IMG_20251024_163757_jpg.rf.34dd0f3aba026cbd83c76e128d83808d.jpg,0 0.5 0 0 100 100
20251027_165413_jpg.rf.fb044ae45ec0104d2fa70b70ee0eeed9.jpg,0 0.5 0 0 100 100
IMG_2711_jpg.rf.6ada37e51438a66522ecc046cd18908a.jpg,0 0.5 0 0 100 100
IMG_3073_jpg.rf.205c2e5517e87e98a691b749e432e7ad.jpg,0 0.5 0 0 100 100
20251023_152609_jpg.rf.56b3f1c05e0b9febe794af8dc34cb62c.jpg,0 0.5 0 0 100 100
IMG_2738_jpg.rf.3050956a4b201dc3e0808234506bfc92.jpg,0 0.5 0 0 100 100
IMG_2186_jpg.rf.7942fed7f7fb73302c4db25d50393c31.jpg,0 0.5 0 0 100 100
IMG_20251024_164524_jpg.rf.b6da221185dfb61fa5c42b8cfc61fb97.jpg,0 0.5 0 0 100 100
IMG_2483_jpg.rf.d7ffd39090477428280ce90a51b79332.jpg,0 0.5 0 0 100 100
IMG_20251027_171749_jpg.rf.8aea8a300bb5b81ec248b7e6ab7b17ac.jpg,0 0.5 0 0 100 100
IMG_20251024_170541_jpg.rf.f3eca4d258e3b728229503dc5495921a.jpg,0 0.5 0 0 100 100
IMG_20251027_171833_jpg.rf.ba29570cc05336a66ae4dce6a9a6ea19.jpg,0 0.5 0 0 100 100
20251029_125548_jpg.rf.fb8cfbdda816a6348725c18b05bc60b2.jpg,0 0.5 0 0 100 100
IMG_2557_jpg.rf.e662de62150c89c807185c0c25808b62.jpg,0 0.5 0 0 100 100
IMG_3262_jpg.rf.068fa646cbd7c7090b7cbaef2a20aa9c.jpg,0 0.5 0 0 100 100
IMG_2275_jpg.rf.c34e21913ba58fb05da464a5d6f79cdb.jpg,0 0.5 0 0 100 100
IMG_20251027_170704_jpg.rf.4de36986da8289005b22264745e20e2a.jpg,0 0.5 0 0 100 100
IMG_20251028_163625_1_jpg.rf.4e954b869f6dc6184dbf85114b1a0493.jpg,0 0.5 0 0 100 100
IMG_5846_JPG.rf.580270a40019e51e4154021df9eb30a5.jpg,0 0.5 0 0 100 100
20251027_170557-0-_jpg.rf.a59d739ecf70a0fcc2c8bb08166a15d2.jpg,0 0.5 0 0 100 100
20251022_152937_jpg.rf.d368ecae3e4b730b19bb9d6a42b40c0f.jpg,0 0.5 0 0 100 100
20251029_123955_jpg.rf.cd57d99d9a35b66723d1e8e18ef8ecd8.jpg,0 0.5 0 0 100 100
Screenshot-2025-10-24-145359_png.rf.7244bf55779c70b191675be92330967e.jpg,0 0.5 0 0 100 100
20251029_123225_jpg.rf.2e1514c805dd20e46c4cf2b7af40a720.jpg,0 0.5 0 0 100 100
Screenshot-2025-10-24-144909_png.rf.ba8cabafdfd7b98092d8c62c9e1b354e.jpg,0 0.5 0 0 100 100
20251023_154834_jpg.rf.35440a7d4682c820894ba750c697b948.jpg,0 0.5 0 0 100 100
IMG_2386_jpg.rf.9f6bc90294516f6dd3f708188f5b2811.jpg,0 0.5 0 0 100 100
IMG_2579_jpg.rf.ec8001997e49d5ed1f962afbd9ee1501.jpg,0 0.5 0 0 100 100
IMG_0777_jpg.rf.76c0f905a97c59e8cd5a393e2f7f527f.jpg,0 0.5 0 0 100 100
20251022_152818_jpg.rf.ce9b0482f04d6381568e95c5ae028fd3.jpg,0 0.5 0 0 100 100
20251028_162419_jpg.rf.3a1667357b33e6c9bd7d7fe902368b02.jpg,0 0.5 0 0 100 100
IMG_20251028_161030_jpg.rf.365f1fc0dc952b6c864232820bbb1d7c.jpg,0 0.5 0 0 100 100
IMG_20251027_165620_jpg.rf.8e453512ecab080a34eca8cb4ce3a634.jpg,0 0.5 0 0 100 100
Screenshot-2025-10-24-145723_png.rf.f65a566e89498740fe7c52d102cd38cc.jpg,0 0.5 0 0 100 100
20251029_125610_jpg.rf.2a87c4cd70940b6306a989aead91d011.jpg,0 0.5 0 0 100 100
IMG_1190_jpg.rf.98f88e0293970377c3a2968ab621e4d9.jpg,0 0.5 0 0 100 100
20251027_171530_jpg.rf.c50bc56fc2ca16d8ff61fe0928633364.jpg,0 0.5 0 0 100 100
IMG_1357_jpg.rf.6d0a62c2fa3f3a178445b42c58542772.jpg,0 0.5 0 0 100 100
20251022_151553_jpg.rf.00c2e57bfbdbf45d8b78469d43794c9c.jpg,0 0.5 0 0 100 100
IMG_20251027_170735_jpg.rf.2fbcaea89d444d7e34d742e2856f20ea.jpg,0 0.5 0 0 100 100
IMG_2525_jpg.rf.d22f5b2aee0c9b70bee8cdfc81442ee6.jpg,0 0.5 0 0 100 100
IMG_3040_jpg.rf.57c089975c3c9bd2d698b6440e3511d9.jpg,0 0.5 0 0 100 100
IMG_2625_jpg.rf.87ec2027ef32f964dcee1aedbf67063f.jpg,0 0.5 0 0 100 100
20251028_170811_jpg.rf.52b3e16a533e517cd522d543e74cf5fd.jpg,0 0.5 0 0 100 100
20251027_170729_jpg.rf.26025657576f4f152fc22f10c60cbccd.jpg,0 0.5 0 0 100 100
IMG_0718_jpg.rf.1927e0ea6943a9625ea61ee67fc0fbae.jpg,0 0.5 0 0 100 100
20251027_171030_jpg.rf.966ff12f47c95e4126d342dc752f687c.jpg,0 0.5 0 0 100 100
IMG_0913_jpg.rf.df4da05aa56b1d7eb113353c313a88af.jpg,0 0.5 0 0 100 100
20251023_152933_jpg.rf.53ae833ea8a60102ee7b8a9c2c904f45.jpg,0 0.5 0 0 100 100
Screenshot-2025-10-24-144251_png.rf.1b26682ae0d9401d7ca60ffc3a90201f.jpg,0 0.5 0 0 100 100
IMG_2348_jpg.rf.58691b1cf5bce9011eec21b30066967e.jpg,0 0.5 0 0 100 100
IMG_2568_jpg.rf.9bf2e4ea43591ce5a081f81a324993a1.jpg,0 0.5 0 0 100 100
IMG_20251027_165720_jpg.rf.58219667897634a80fb5091966ae0f97.jpg,0 0.5 0 0 100 100
IMG_1762_jpg.rf.1eabcf7a66b4ee10b1af88567adb1aad.jpg,0 0.5 0 0 100 100
IMG_0743_jpg.rf.010936bb39a6a8bdf03fd91d2232851d.jpg,0 0.5 0 0 100 100
IMG_2214_jpg.rf.49409ae3eaa31cd6af4d566d98278e83.jpg,0 0.5 0 0 100 100
20251027_164747_jpg.rf.2181d12baacf21d79b5441810baa13aa.jpg,0 0.5 0 0 100 100
IMG_20251027_164124_jpg.rf.e0f7bcc50d1c6288cd159c58126c4f80.jpg,0 0.5 0 0 100 100
IMG_1189_jpg.rf.4baa73ac22ac49319377046ed9c3b8b2.jpg,0 0.5 0 0 100 100
IMG_2865_jpg.rf.90f0ee713e6b210f13c9bc5abe018194.jpg,0 0.5 0 0 100 100
IMG_20251024_161528_jpg.rf.629a06a5195a484dd376019df747fab2.jpg,0 0.5 0 0 100 100
IMG_5787_JPG.rf.dad085619eada8f02339619a47626d54.jpg,0 0.5 0 0 100 100
IMG_2852_jpg.rf.d35260ca6d868f3bf7a586898e096732.jpg,0 0.5 0 0 100 100
IMG_1321_jpg.rf.aab7a404c2bf445f85a35c1a2d9eff86.jpg,0 0.5 0 0 100 100
IMG_2406_jpg.rf.2bed22d2cb5ac8c92266dc13c9b347a5.jpg,0 0.5 0 0 100 100
IMG_0882_jpg.rf.9cecf9af472fff16e0772fa1d2e72284.jpg,0 0.5 0 0 100 100
IMG_1384_jpg.rf.71924cb345b487e525571e0b0e28ee37.jpg,0 0.5 0 0 100 100
IMG_20251024_161748_jpg.rf.22e1f35cb851bceab92f4a60ecafbe2a.jpg,0 0.5 0 0 100 100
IMG_2622_jpg.rf.4015619bc092380deee5531e11f13b03.jpg,0 0.5 0 0 100 100
20251029_090702_jpg.rf.9ab033b28f46359efd77fccc50755af1.jpg,0 0.5 0 0 100 100
IMG_2290_jpg.rf.d2a3636f7636873350979aa9228e555f.jpg,0 0.5 0 0 100 100
IMG_3095_jpg.rf.ef90ccaae56f010014de9761a913700f.jpg,0 0.5 0 0 100 100
IMG_20251024_160812_jpg.rf.b4f940eca8daef351bc215264271d7aa.jpg,0 0.5 0 0 100 100
IMG_1376_jpg.rf.ad407f65aaaff42246113be2ade7f835.jpg,0 0.5 0 0 100 100
IMG_3288_jpg.rf.afd1c99253bd48b2ff73cf3ee71cdf63.jpg,0 0.5 0 0 100 100
IMG_3304_jpg.rf.7fe15e3d217dbb3949b34d67b0d9ecd3.jpg,0 0.5 0 0 100 100
IMG_2585_jpg.rf.5c8fd92445a551204a19ef49db2ab7dc.jpg,0 0.5 0 0 100 100
20251023_154640_jpg.rf.9a2b781f9767ef25ceb041c5dff8ff51.jpg,0 0.5 0 0 100 100
IMG_3021_jpg.rf.c24b2ddeda04612efba28dcd65c75692.jpg,0 0.5 0 0 100 100
IMG_2189_jpg.rf.2322644a3e140b5c918e8a7ee5a682da.jpg,0 0.5 0 0 100 100
IMG_3069_jpg.rf.528e7087fe06c89faf8f6a08c363c43b.jpg,0 0.5 0 0 100 100
IMG_3011_jpg.rf.3566a6462618fbbafb27c017b53076a4.jpg,0 0.5 0 0 100 100
20251027_165407_jpg.rf.c3fce836825e67db7437bc60b61f0a17.jpg,0 0.5 0 0 100 100
IMG_3239_jpg.rf.d539f0c3f6329aa02d4c1a196c664ee2.jpg,0 0.5 0 0 100 100
IMG_0957_jpg.rf.ec5dc4bf4b2a99a1dc69c6d26679b796.jpg,0 0.5 0 0 100 100
IMG_20251028_163546_jpg.rf.446e68b70d945cb0ff6ccd21f6b79df9.jpg,0 0.5 0 0 100 100
IMG_3307_jpg.rf.3ab738128aa20d93280d58bb84742d2b.jpg,0 0.5 0 0 100 100
IMG_0811_jpg.rf.d5c9430a97af21ede8ecc5d4d0477706.jpg,0 0.5 0 0 100 100
IMG_20251027_165335_jpg.rf.c9e6ac42ca464eee787cb743505758e7.jpg,0 0.5 0 0 100 100
z7166665677416_e5ac5b299ae869d20ea59548c5346374_jpg.rf.983fc5edba2b469e675965510139df58.jpg,0 0.5 0 0 100 100
IMG_2921_jpg.rf.b14d8d07d2a02da17d33acd3ae2d1c26.jpg,0 0.5 0 0 100 100
20251028_165514_jpg.rf.7ec5798e44c381815080354b74726391.jpg,0 0.5 0 0 100 100
IMG_20251024_164347_jpg.rf.2ddbf0600947837c64af7eabb158247c.jpg,0 0.5 0 0 100 100
20251027_165306_jpg.rf.7757de28ecd8ced8c360fa2d6e2361e0.jpg,0 0.5 0 0 100 100
IMG_1749_jpg.rf.f54c43012c05da0998011a90d71aa866.jpg,0 0.5 0 0 100 100
IMG_20251027_172015_jpg.rf.8c4de3cb6589b376b8dd1736e01233e1.jpg,0 0.5 0 0 100 100
z7166665660936_ea6480657d8661b2e09542e2eb826be3_jpg.rf.390c297650c8cddcf04c6277c9404a55.jpg,0 0.5 0 0 100 100
IMG_3214_jpg.rf.7e4d0373473c78ad8347d60fc440394b.jpg,0 0.5 0 0 100 100
IMG_2845_jpg.rf.b13b9de95210b066c31c7f8ab358bf48.jpg,0 0.5 0 0 100 100
IMG_3010_jpg.rf.76a37bee0f4837596588358ec00f3f23.jpg,0 0.5 0 0 100 100
20251029_125505_jpg.rf.f3d350c5421ab7496c0ff7946cd7caf1.jpg,0 0.5 0 0 100 100
IMG_20251028_164928_jpg.rf.cbd52844a971f5511d3cd5c2b487ea84.jpg,0 0.5 0 0 100 100
IMG_1393_jpg.rf.155a6b9e99081877decd34f5021de8a9.jpg,0 0.5 0 0 100 100
IMG_2766_jpg.rf.aeb4958ed0f5c4378ba1642b70bb46be.jpg,0 0.5 0 0 100 100
IMG_20251027_171628_jpg.rf.a9489653050527d276e9a18c53c1daac.jpg,0 0.5 0 0 100 100
20251029_090345_jpg.rf.bf77465d4ceb816c8718b140b2385766.jpg,0 0.5 0 0 100 100
IMG_20251028_165113_jpg.rf.14a33d0c190c8356948602e9a17569e9.jpg,0 0.5 0 0 100 100
IMG_2949_jpg.rf.0dd884154bfb12f707805043bf297755.jpg,0 0.5 0 0 100 100
IMG_5789_JPG.rf.3ac17fd82dae09b386491eca05dca359.jpg,0 0.5 0 0 100 100
IMG_0822_jpg.rf.5d1fabd080b5479265216f3ee82c41bd.jpg,0 0.5 0 0 100 100
Screenshot-2025-10-24-151926_png.rf.f223b259da0845d9717ca174e29cdb1d.jpg,0 0.5 0 0 100 100
IMG_3002_jpg.rf.6200e032d84a2f359fd617796d52a8c0.jpg,0 0.5 0 0 100 100
IMG_20251027_165212_jpg.rf.fa46eb702214cc1cbc1040d9f602d8a4.jpg,0 0.5 0 0 100 100
z7166656550563_caf68d9821beecbbe66774c2531ff58d_jpg.rf.40791bb4b351042980a987ef7c3889fa.jpg,0 0.5 0 0 100 100
IMG_2259_jpg.rf.a6ea44c8a6e118952e67de97c171d23b.jpg,0 0.5 0 0 100 100
IMG_20251027_171257_jpg.rf.066670e0a8b18b691e1cc505e5e971fe.jpg,0 0.5 0 0 100 100
IMG_1420_jpg.rf.01dae5392e765fd64fb81b799d77ebba.jpg,0 0.5 0 0 100 100
IMG_2809_jpg.rf.678c181ff6afc2e57835b1670a8ea762.jpg,0 0.5 0 0 100 100
IMG_1419_jpg.rf.7a8bfd36e2dcc4f12b2bf40f7702afb0.jpg,0 0.5 0 0 100 100
IMG_20251024_160841_jpg.rf.c6982b7ca531e98927b4bc9d63ac2d32.jpg,0 0.5 0 0 100 100
IMG_2627_jpg.rf.55f09796b7cce3f684def651abeeb3d4.jpg,0 0.5 0 0 100 100
IMG_2242_jpg.rf.92404b0960472d4d6ba7578bbbd8d4eb.jpg,0 0.5 0 0 100 100
20251029_122457_jpg.rf.f0f4653e48e1d3585f9dd4ef5f4f5abc.jpg,0 0.5 0 0 100 100
20251028_165338_jpg.rf.72cfb71e1a4c4868817641554a64e520.jpg,0 0.5 0 0 100 100
IMG_2387_jpg.rf.e201c7f3e40e062651969eac0969a4dd.jpg,0 0.5 0 0 100 100
IMG_2421_jpg.rf.58c05f4a795efa0a78f5a95498cb8184.jpg,0 0.5 0 0 100 100
20251028_171117_jpg.rf.c17da61651951a623762b6eb4018b5ea.jpg,0 0.5 0 0 100 100
IMG_2519_jpg.rf.d24fab6ca4a4698a7a2b5ce0e78d0912.jpg,0 0.5 0 0 100 100
IMG_20251028_164726_jpg.rf.9aa0f67745fea121e1f5503ae1f56144.jpg,0 0.5 0 0 100 100
IMG_2990_jpg.rf.0d60740ea886b8093b9e589119ef1bfc.jpg,0 0.5 0 0 100 100
IMG_1805_jpg.rf.de1c52ffd98019d356a197d911f7f7d9.jpg,0 0.5 0 0 100 100
Screenshot-2025-10-24-145452_png.rf.96c3d7ba3ee163bdd6bc0d2df86ba5d6.jpg,0 0.5 0 0 100 100
20251027_171439_jpg.rf.f3775cf22f8cfd1fd23c21b05cdc490e.jpg,0 0.5 0 0 100 100
IMG_5911_JPG.rf.9e501be5887804357114e160262ecdfa.jpg,0 0.5 0 0 100 100
IMG_20251027_164636_jpg.rf.3334f18547158e5ded8ce92d516b618f.jpg,0 0.5 0 0 100 100
IMG_20251027_165052_jpg.rf.11173e89b54fba9e10d146592dc6fa12.jpg,0 0.5 0 0 100 100
20251027_170825_jpg.rf.bf82b3d5ee8c56a6aed75bfa0e0dadda.jpg,0 0.5 0 0 100 100
20251023_152221_jpg.rf.b993800bc196611eb63b6b820412fef7.jpg,0 0.5 0 0 100 100
20251027_165025_jpg.rf.fd0aca9c8b70fd1c8f3df142682a29c0.jpg,0 0.5 0 0 100 100
IMG_5785_JPG.rf.1cc56ca02fb35f5a2cb5221e28f42a11.jpg,0 0.5 0 0 100 100
IMG_20251024_164109_jpg.rf.5941fac07b3defdfb261534710c613e7.jpg,0 0.5 0 0 100 100
IMG_2885_jpg.rf.a041ef2df5c92579be19f250e5b6861c.jpg,0 0.5 0 0 100 100
IMG_5902_JPG.rf.5f4d24e4dc37ca34b9e90fd8783b6b1c.jpg,0 0.5 0 0 100 100
IMG_3046_jpg.rf.671ed43eb83778754a74c3d7f005c766.jpg,0 0.5 0 0 100 100
IMG_2810_jpg.rf.dad3d2e1ba571067726380f7060554a4.jpg,0 0.5 0 0 100 100
IMG_2477_jpg.rf.a5cdcf0a3fee0b973d4ea6a3a627f47c.jpg,0 0.5 0 0 100 100
IMG_3320_jpg.rf.abc8db5eec6193bbd868172c3ef3c031.jpg,0 0.5 0 0 100 100
IMG_1349_jpg.rf.00fbbd9197d24a92dd5a438a0082ef9a.jpg,0 0.5 0 0 100 100
IMG_3283_jpg.rf.d6dc17a61532acfeb0e6b0b7243b3d9a.jpg,0 0.5 0 0 100 100
IMG_20251028_170008_jpg.rf.d4444e0b93f863e0942048f0852e8d6e.jpg,0 0.5 0 0 100 100
IMG_5784_JPG.rf.94101a685e11becec23e816a9eba87df.jpg,0 0.5 0 0 100 100
IMG_3005_jpg.rf.ce6b8ae670b802df3161d3bc0abacd7d.jpg,0 0.5 0 0 100 100
IMG_1048_jpg.rf.954579f981edceecfaf92cc41d7506b7.jpg,0 0.5 0 0 100 100
IMG_3268_jpg.rf.8ae54dfabc80d3d5b22a686bba05a6b0.jpg,0 0.5 0 0 100 100
20251023_153257_jpg.rf.d5169a83ab9ec400670c0e4bfcf39e40.jpg,0 0.5 0 0 100 100
20251029_090307_jpg.rf.c5eb6c87f8eabbe02b4ab468fa382aea.jpg,0 0.5 0 0 100 100
20251023_154157_jpg.rf.483dde73bb026c4f3ea3f63531bf3b38.jpg,0 0.5 0 0 100 100
IMG_5892_JPG.rf.40bd9f9e92b09089da64a476a852369e.jpg,0 0.5 0 0 100 100
Screenshot-2025-10-24-144625_png.rf.96dfdce1d59caf7908b1ed33fdcaef9d.jpg,0 0.5 0 0 100 100
20251027_170339_jpg.rf.d1a3ebd676198733c9f1de71a7155f04.jpg,0 0.5 0 0 100 100
20251027_165941_jpg.rf.6bd362ad17c376881825851747a2532f.jpg,0 0.5 0 0 100 100
IMG_20251027_165800_jpg.rf.65a92643a717a7133a8993cbd046f46a.jpg,0 0.5 0 0 100 100
IMG_2988_jpg.rf.c1d15cfb2050e146f1ab0b2bd16519a7.jpg,0 0.5 0 0 100 100
20251028_162311_jpg.rf.1d7ec932d7801fa7c1926024e2a8faf9.jpg,0 0.5 0 0 100 100
IMG_0850_jpg.rf.c3120ea9939220f53e2eae622c00dce3.jpg,0 0.5 0 0 100 100
IMG_1711_jpg.rf.b7d6e67b15e2cd2bce3c56d197f15729.jpg,0 0.5 0 0 100 100
20251027_171836_jpg.rf.fb092eff5e26ff5798b3d4cd59d9e5f8.jpg,0 0.5 0 0 100 100
IMG_2567_jpg.rf.c5f61704208c65a05ef63676bedab4cc.jpg,0 0.5 0 0 100 100
571224848_2057279915025781_2305818815861423453_n_jpg.rf.9817ca35fca7d21e27ac62807c907158.jpg,0 0.5 0 0 100 100
IMG_20251028_162550_jpg.rf.960ba62c2a4a88838cf3004f809e33ac.jpg,0 0.5 0 0 100 100
Screenshot-2025-10-24-153259_png.rf.78abe0153e793718a02a8bd5d820d404.jpg,0 0.5 0 0 100 100
IMG_5866_JPG.rf.7831de2a05f81df8c99b91fccd234a88.jpg,0 0.5 0 0 100 100
IMG_20251027_171418_jpg.rf.95826d7124ee32da9ab402f7eb4f9afd.jpg,0 0.5 0 0 100 100
IMG_20251027_171415_jpg.rf.ca889242e540068fcd19280496df82e6.jpg,0 0.5 0 0 100 100
Screenshot-2025-10-24-142744_png.rf.eb8d6a4cd5bbb1acce260b6f5954c88b.jpg,0 0.5 0 0 100 100
Screenshot-2025-10-24-145111_png.rf.19c966c8779e251c1d6d6a5c178e2528.jpg,0 0.5 0 0 100 100
IMG_2712_jpg.rf.01ae5fc09bccb200861fef56e1cb5b7e.jpg,0 0.5 0 0 100 100
20251029_124236_jpg.rf.b601e8fac04340080e77fe5ebdf8b759.jpg,0 0.5 0 0 100 100
20251027_170121_jpg.rf.4ffef7c8486e5f84a14e7d46013525b2.jpg,0 0.5 0 0 100 100
20251022_151739_jpg.rf.5cd95d053d48dd982f69f3af730d163e.jpg,0 0.5 0 0 100 100
20251027_163145_jpg.rf.0f862dc6f4c4fbc6430e062d6ae825c4.jpg,0 0.5 0 0 100 100
20251027_165942-0-_jpg.rf.ced33da2fb0508796b24078de8aadbed.jpg,0 0.5 0 0 100 100
IMG_2905_jpg.rf.2169403af6769f2b6f2a0130d546fde6.jpg,0 0.5 0 0 100 100
IMG_2495_jpg.rf.2207dd6db33f7506554b3d14e6c14d3a.jpg,0 0.5 0 0 100 100
IMG_5828_JPG.rf.f16b274d436055f22cfbbfdb9104a83b.jpg,0 0.5 0 0 100 100
IMG_2926_jpg.rf.fe9c46fa8707d138a80b85d8b1509e4e.jpg,0 0.5 0 0 100 100
IMG_20251027_171447_jpg.rf.30192c55fb45aa6ccf3164a4ffc409f6.jpg,0 0.5 0 0 100 100
IMG_2643_jpg.rf.934d062f03ac8eefb6da022a8f27ff20.jpg,0 0.5 0 0 100 100
Screenshot-2025-10-24-145353_png.rf.a96db90120cb472749e213a3d6fcc925.jpg,0 0.5 0 0 100 100
571279207_2057280068359099_511618281065068072_n_jpg.rf.8a95032943c0f63e6505c18290e5f790.jpg,0 0.5 0 0 100 100
IMG_2566_jpg.rf.47352b2cbcfec89e7ac393c7e9e7088c.jpg,0 0.5 0 0 100 100
IMG_3278_jpg.rf.cdf1f1de7918a288bae86d7e45d34e9a.jpg,0 0.5 0 0 100 100
IMG_20251028_161843_jpg.rf.f40e9be0b0b57b625b5c0981e51d1468.jpg,0 0.5 0 0 100 100
IMG_0821_jpg.rf.7ed258c02a88c6fef4fd4341aecf47bb.jpg,0 0.5 0 0 100 100
IMG_2452_jpg.rf.dfcae6eff9ab0c4cb1a47e05386ddc76.jpg,0 0.5 0 0 100 100
IMG_3330_jpg.rf.c35bb8bd49e685cbc771dcb4794af2e2.jpg,0 0.5 0 0 100 100
IMG_20251027_164155_jpg.rf.1c2cd21de2142a7a48c43c8331eaf507.jpg,0 0.5 0 0 100 100
IMG_2357_jpg.rf.32f857f30d4bcfa13c508975e4025572.jpg,0 0.5 0 0 100 100
IMG_2594_jpg.rf.889946197a7f8bc97b179684afcbdc5b.jpg,0 0.5 0 0 100 100
20251029_090333_jpg.rf.3d8fba2d251647c898c85f4258f3ad68.jpg,0 0.5 0 0 100 100
20251023_154102_jpg.rf.37790030fd89c74edbb010bed1badb73.jpg,0 0.5 0 0 100 100
20251023_154142_jpg.rf.12b53cc09df34a34aa09604d67741116.jpg,0 0.5 0 0 100 100
IMG_2689_jpg.rf.fce0ca60a934f7884a74051ce0f68f30.jpg,0 0.5 0 0 100 100
IMG_20251027_165613_jpg.rf.f3a876d764d7dc9c81599e4bc9d105bd.jpg,0 0.5 0 0 100 100
IMG_20251028_165214_jpg.rf.6449acc1434d93c797e1ddc2004a256b.jpg,0 0.5 0 0 100 100
IMG_2534_jpg.rf.0c1c0b440526a30239dd3876d8c35f02.jpg,0 0.5 0 0 100 100
IMG_1389_jpg.rf.597c7321000d1461c1da321fae5b0345.jpg,0 0.5 0 0 100 100
IMG_2377_jpg.rf.a32b60622544fcd6e3a4a78096aa84fc.jpg,0 0.5 0 0 100 100
IMG_2775_jpg.rf.5ce261d8b5f39df1ad7a2f2c25da7ba1.jpg,0 0.5 0 0 100 100
Screenshot-2025-10-24-150335_png.rf.9c035f8ab8604ae7fcc662dce4fca329.jpg,0 0.5 0 0 100 100
20251023_155015_jpg.rf.f9f64732ee4da5399fb9eb434d3a5da2.jpg,0 0.5 0 0 100 100
20251029_085438_jpg.rf.b08650c35ea9e52a697c0c72cb68af32.jpg,0 0.5 0 0 100 100
IMG_20251027_165149_jpg.rf.eac3d1bf2cfd202e03ef51a0e4d87226.jpg,0 0.5 0 0 100 100
IMG_2246_jpg.rf.33e4e670057fac21392809f3742f1d70.jpg,0 0.5 0 0 100 100
IMG_1039_jpg.rf.bc1ced5a4e7a2b44b0c5231ec7110fa9.jpg,0 0.5 0 0 100 100
IMG_20251027_171317_jpg.rf.3d6b28b28a83f11a8be542a116a5c085.jpg,0 0.5 0 0 100 100
20251028_171431_jpg.rf.80f7ea9d26ef5e2230702f155cfe0717.jpg,0 0.5 0 0 100 100
IMG_2318_jpg.rf.fff92db9c944a3fae8ff20321c605b30.jpg,0 0.5 0 0 100 100
IMG_5877_JPG.rf.f66f275ffc810b2450e34a03c042fcfd.jpg,0 0.5 0 0 100 100
IMG_1221_jpg.rf.483f9b5464e1a9e376cabb7da277b336.jpg,0 0.5 0 0 100 100
IMG_20251028_165851_jpg.rf.65427d3f33499bd216ae521f8d8474ad.jpg,0 0.5 0 0 100 100
IMG_1804_jpg.rf.b3faf66d5aefdc465fc68a72d088dd1e.jpg,0 0.5 0 0 100 100
20251027_172213-0-_jpg.rf.1e69a5f6394469bedaf68ee5fc88c1c7.jpg,0 0.5 0 0 100 100
20251023_154348_jpg.rf.90d6792266cbed3b83515ce3d70a2edb.jpg,0 0.5 0 0 100 100
IMG_3165_jpg.rf.f2a8bd9b0e3b9e7438a9ce6f3144149d.jpg,0 0.5 0 0 100 100
IMG_5901_JPG.rf.a327a19b0797273c2fc911d1b5242ecd.jpg,0 0.5 0 0 100 100
IMG_2812_jpg.rf.de6c817f7ccdb2c0691d460338d518da.jpg,0 0.5 0 0 100 100
IMG_20251024_170046_jpg.rf.b9dd5b9b3fd0fcb2578395a38fbf8f7f.jpg,0 0.5 0 0 100 100
IMG_2584_jpg.rf.d4c9f381b6560baa8da519a0c41c3d06.jpg,0 0.5 0 0 100 100
IMG_3290_jpg.rf.bf12b3d7dbc8b7cc7d49d52ff44f4225.jpg,0 0.5 0 0 100 100
IMG_20251028_161027_jpg.rf.3e646cad4c56e0a02f984402ef882a63.jpg,0 0.5 0 0 100 100
IMG_3171_jpg.rf.405b03225160f881b1298dee573fafaf.jpg,0 0.5 0 0 100 100
IMG_3184_jpg.rf.ac7584778893f0b71f3e270234d333e2.jpg,0 0.5 0 0 100 100
IMG_20251028_165239_jpg.rf.f790512fba8f887338e6495b711a6a39.jpg,0 0.5 0 0 100 100
IMG_20251027_172216_jpg.rf.266f2c03e4d15189ce5ba571308e4728.jpg,0 0.5 0 0 100 100
20251027_171322_jpg.rf.17027d90ee38beb0c35d7d027f8c02f5.jpg,0 0.5 0 0 100 100
IMG_2917_jpg.rf.2951646b533bf3b8a57e9083397ddec0.jpg,0 0.5 0 0 100 100
IMG_2245_jpg.rf.6fb0460d800bf95df67b378594985683.jpg,0 0.5 0 0 100 100
IMG_20251027_172512_jpg.rf.d15d2484f3a8a4171929fef41e4b4d3f.jpg,0 0.5 0 0 100 100
IMG_20251024_164752_jpg.rf.799d2a0513bd36b404873f529084a157.jpg,0 0.5 0 0 100 100
IMG_2273_jpg.rf.914912776a8b2168e27272f5e44ff12d.jpg,0 0.5 0 0 100 100
IMG_5925_JPG.rf.ba420476ca335237a9d37053fe6cfc41.jpg,0 0.5 0 0 100 100
Screenshot-2025-10-24-152136_png.rf.34eddc4fccef4fdbe4a9573620a7b913.jpg,0 0.5 0 0 100 100
IMG_1087_jpg.rf.4230100a4518d4ec36a9bb5a34a87935.jpg,0 0.5 0 0 100 100
571491401_2617273268640376_7847741109264127892_n_jpg.rf.2d79c5d4087b9b8d6ff800c24cea9594.jpg,0 0.5 0 0 100 100
IMG_2530_jpg.rf.7f101c1da471674178cf81b0f08e8134.jpg,0 0.5 0 0 100 100
IMG_20251027_165155_jpg.rf.8b5a7ed59965f2badf1b48c942de4b4c.jpg,0 0.5 0 0 100 100
20251027_172045_jpg.rf.e3fd40a7641f2e3c3c156f29615db694.jpg,0 0.5 0 0 100 100
IMG_1758_jpg.rf.5ef3bce802877c3283bb00d23e90f6ba.jpg,0 0.5 0 0 100 100
20251022_151440_jpg.rf.249a9fbc06777d768de8636c5faf0208.jpg,0 0.5 0 0 100 100
IMG_20251028_161032_jpg.rf.956c1a515c5413f06d5ee677214a77c7.jpg,0 0.5 0 0 100 100
IMG_1412_jpg.rf.d26d89fdb11c4746a0253d0c30ed2da8.jpg,0 0.5 0 0 100 100
IMG_20251028_164054_jpg.rf.8eb85c574d0bf1d1b9def7059494fd52.jpg,0 0.5 0 0 100 100
IMG_1079_jpg.rf.bc1095d8e0075402a9bbf450ecd9d4a6.jpg,0 0.5 0 0 100 100
IMG_1808_jpg.rf.969b72572e4491c7247f64c3b26bff57.jpg,0 0.5 0 0 100 100
IMG_20251024_162122_jpg.rf.8ec71d949a1c993983850c5e0e0a3588.jpg,0 0.5 0 0 100 100
IMG_3202_jpg.rf.b25ff41b586ce8fc3ecef19559cf47a6.jpg,0 0.5 0 0 100 100
IMG_1718_jpg.rf.81de2bdd1f4db4b5a5b1b8466163e8c4.jpg,0 0.5 0 0 100 100
IMG_3222_jpg.rf.8dd49d8f3d8ff664ed7748b717eae26e.jpg,0 0.5 0 0 100 100
20251029_125247_jpg.rf.509eee7c13eafc634ffe24d8e38aecd3.jpg,0 0.5 0 0 100 100
20251027_170138-0-_jpg.rf.1587cf6b456b7f1170705cafb59b2b0b.jpg,0 0.5 0 0 100 100
20251028_171254_jpg.rf.ba698fa977d0678e45d6689bc6cc15e2.jpg,0 0.5 0 0 100 100
IMG_20251027_165643_jpg.rf.881e1a886fcaac4674be29977830f3aa.jpg,0 0.5 0 0 100 100
IMG_1130_jpg.rf.b5498fbdef2f11f5a88f6d27f76c3781.jpg,0 0.5 0 0 100 100
IMG_2600_jpg.rf.cb0229d140b78d10b4d4fbd70595959a.jpg,0 0.5 0 0 100 100
IMG_5797_JPG.rf.3051cad25483e7812f7ed924264e864a.jpg,0 0.5 0 0 100 100
IMG_2888_jpg.rf.23bed1a80dd1c9a2bf8a5ec2078a126a.jpg,0 0.5 0 0 100 100
20251029_124807_jpg.rf.194a0848d602900dce301f3b8770fd10.jpg,0 0.5 0 0 100 100
IMG_3225_jpg.rf.528c426222eeaca40ca86010dc2e3346.jpg,0 0.5 0 0 100 100
20251027_164519_jpg.rf.556185cb8e6daa5fe168d8f87202babc.jpg,0 0.5 0 0 100 100
IMG_3251_jpg.rf.f4c22589067ad608dbeeb0dc44ce88af.jpg,0 0.5 0 0 100 100
IMG_20251027_170644_jpg.rf.85c5c57f3f4791db3f192dc681db2069.jpg,0 0.5 0 0 100 100
IMG_2920_jpg.rf.2a71df36411d548fb411cdcf6999d31f.jpg,0 0.5 0 0 100 100
IMG_1383_jpg.rf.59e88c0478c3de57ce0f54ef53ba2a1a.jpg,0 0.5 0 0 100 100
IMG_1684_jpg.rf.d5233d6f83ccd8e2df47113c31de722f.jpg,0 0.5 0 0 100 100
IMG_3001_jpg.rf.8cc054dd80e3d43e919d2a38439dd0cb.jpg,0 0.5 0 0 100 100
IMG_2265_jpg.rf.9269a55c7b69ab02419c6ed17f9b7142.jpg,0 0.5 0 0 100 100
20251029_124341_jpg.rf.712ec592050e2422544c977c80411833.jpg,0 0.5 0 0 100 100
IMG_2324_jpg.rf.84d8478186352d431003c8fc2117a470.jpg,0 0.5 0 0 100 100
IMG_2570_jpg.rf.68cb03435cf9dad7c0274306e3714044.jpg,0 0.5 0 0 100 100
IMG_20251024_161138_jpg.rf.b00f155793683a6e1db2fb4d0912123a.jpg,0 0.5 0 0 100 100
IMG_5873_JPG.rf.9381c3994b4b752f1800d60b58f60f92.jpg,0 0.5 0 0 100 100
IMG_0993_jpg.rf.7105b5a251d1526c5446685463efeea5.jpg,0 0.5 0 0 100 100
IMG_20251027_165955_jpg.rf.e0c218c03b1b310145bd6e77849112cb.jpg,0 0.5 0 0 100 100
20251022_152118_jpg.rf.9bc4030cb0576a512e6e5c786be0f4a7.jpg,0 0.5 0 0 100 100
IMG_20251024_163236_jpg.rf.e51994cbf67f8b08e030e27d271f774a.jpg,0 0.5 0 0 100 100
Screenshot-2025-10-24-144802_png.rf.17dbb7c2d769722f22722e464b3db91b.jpg,0 0.5 0 0 100 100
20251028_162035_jpg.rf.523c382d70f32a6930506f4d7877fb32.jpg,0 0.5 0 0 100 100
IMG_1795_jpg.rf.9324a20aeaa5d42439375385bd6c54a9.jpg,0 0.5 0 0 100 100
IMG_3188_jpg.rf.328af91db5a5c553365a2dfc1b28c506.jpg,0 0.5 0 0 100 100
IMG_0873_jpg.rf.cc41b2b34b1b4fd893f65ad41b923b5d.jpg,0 0.5 0 0 100 100
20251029_125207_jpg.rf.8ebe3dd09991ab8640ac88b34ea92cbc.jpg,0 0.5 0 0 100 100
Screenshot-2025-10-24-144426_png.rf.13119f3d093bd9e48aa9dd6fe18f6d6d.jpg,0 0.5 0 0 100 100
IMG_2706_jpg.rf.5de05f97d5c0831fd3dd6f62ddbc513c.jpg,0 0.5 0 0 100 100
IMG_20251028_165208_jpg.rf.f915407c0dc3bbb9aec9d9fbaaafe990.jpg,0 0.5 0 0 100 100
20251027_164057_jpg.rf.eb843db5ccce5fbd2b8d145b23173ed4.jpg,0 0.5 0 0 100 100
IMG_2772_jpg.rf.a6a875347f7c4d41082b07af82f553a2.jpg,0 0.5 0 0 100 100
IMG_5852_JPG.rf.9d92b50cf970f372baee1d4dc8a7727d.jpg,0 0.5 0 0 100 100
IMG_20251028_161059_jpg.rf.207c3dc38e69db10fc2df0441be3b2b4.jpg,0 0.5 0 0 100 100
IMG_20251028_170455_jpg.rf.0bdfc77944c004578c9579d81f647bb4.jpg,0 0.5 0 0 100 100
Screenshot-2025-10-24-145543_png.rf.ff4f8310fa3fcdceb365b3e1e6661a93.jpg,0 0.5 0 0 100 100
20251023_153836_jpg.rf.33721aea24d85723725c74672d926bd5.jpg,0 0.5 0 0 100 100
IMG_20251027_170646_jpg.rf.379429da775862cbba9eca071d4712e5.jpg,0 0.5 0 0 100 100
20251023_152814_jpg.rf.5afb8b9e5cdf84333807ead959720da2.jpg,0 0.5 0 0 100 100
IMG_1708_jpg.rf.741a973e46f2b653e7af9c25bdf91f78.jpg,0 0.5 0 0 100 100
20251023_152210_jpg.rf.e0b9ec57a48aeb3ce95746160ae6e561.jpg,0 0.5 0 0 100 100
IMG_0863_jpg.rf.d4fb7f10f973ccbd1b4ed20f502f58a7.jpg,0 0.5 0 0 100 100
IMG_1738_jpg.rf.a9a1412557d5a417200c94141cff1ee5.jpg,0 0.5 0 0 100 100
IMG_2339_jpg.rf.9a066f059ce324792b64fda97cfd1456.jpg,0 0.5 0 0 100 100
20251029_090202_jpg.rf.09ede93453aeb6d8076176a6cc0bfdb3.jpg,0 0.5 0 0 100 100
20251028_163417_jpg.rf.6740b51eb8b82c4a02691a684818731a.jpg,0 0.5 0 0 100 100
IMG_20251024_162335_jpg.rf.2c161c087387918ea548b6e98c239f66.jpg,0 0.5 0 0 100 100
IMG_20251024_160929_jpg.rf.0dceaf6108730be4be2becef2b6baa03.jpg,0 0.5 0 0 100 100
IMG_2358_jpg.rf.d7f7073b4db4c9a3f1717c1004ab5c17.jpg,0 0.5 0 0 100 100
IMG_3351_jpg.rf.c08ad179df9edd5a73aaa73b1f0f6ff2.jpg,0 0.5 0 0 100 100
IMG_20251027_172155_jpg.rf.0b85cba4283fd66d688b41fe24edb991.jpg,0 0.5 0 0 100 100
IMG_0966_jpg.rf.45e396d6e335c76b7d4d6cd9d543f4d9.jpg,0 0.5 0 0 100 100
20251028_161803_jpg.rf.595436bbacbe44a2ca76baf6d65ef2e1.jpg,0 0.5 0 0 100 100
571727710_2708248939507348_8326240352692669109_n_jpg.rf.8a3f1bda586b6edca063c88418178092.jpg,0 0.5 0 0 100 100
IMG_20251028_162647_jpg.rf.7c0fc3afa943ff77d51b11aafc006cb3.jpg,0 0.5 0 0 100 100
IMG_20251028_165526_jpg.rf.041be25540ae32db72282ebab9f8dcdf.jpg,0 0.5 0 0 100 100
IMG_5839_JPG.rf.9c9e7cc47a130e7ad23c6f7d40bbbdf8.jpg,0 0.5 0 0 100 100
IMG_1333_jpg.rf.69eb045143d00dad4d1018961bb3f1a3.jpg,0 0.5 0 0 100 100
IMG_2786_jpg.rf.0b4beca89be9ddab9b0e1f8af70ea82d.jpg,0 0.5 0 0 100 100
IMG_2203_jpg.rf.2eb4cb3df539e658ceb24af2c8c1f791.jpg,0 0.5 0 0 100 100
571203804_122181651800377091_772058518607324025_n_jpg.rf.28cbab70d333729e876d12f7c8ecff14.jpg,0 0.5 0 0 100 100
IMG_2321_jpg.rf.992d0f5d4a2e2a90cfffc1f17e335820.jpg,0 0.5 0 0 100 100
IMG_2991_jpg.rf.9d96cd5bb314582e71896dd24351bebc.jpg,0 0.5 0 0 100 100
IMG_20251027_171737_jpg.rf.f02d2adbf02a83b801bdd5ba36b215b4.jpg,0 0.5 0 0 100 100
IMG_20251028_161529_jpg.rf.a466b515b7f0bc6481dfd901fa3f5cc6.jpg,0 0.5 0 0 100 100
20251022_153011_jpg.rf.52a192035e990b13197ce70adf77ea1d.jpg,0 0.5 0 0 100 100
20251023_153631_jpg.rf.5c636c367b3de64e74354dea366c1c27.jpg,0 0.5 0 0 100 100
IMG_2243_jpg.rf.e096d1b28b10a78e5990bc92b97b92c3.jpg,0 0.5 0 0 100 100
IMG_2847_jpg.rf.31945b247b55aa5ed5d509728911b6f1.jpg,0 0.5 0 0 100 100
IMG_3155_jpg.rf.9eed3b8a9d48a35e609df6349fb5808f.jpg,0 0.5 0 0 100 100
IMG_20251027_171923_jpg.rf.5def8a0675e1bd47ab94a3f1ee9b8987.jpg,0 0.5 0 0 100 100
IMG_2944_jpg.rf.a8b9114e670ea927de63b774d4894086.jpg,0 0.5 0 0 100 100
573868553_24817687227872335_4680298572121065450_n_jpg.rf.12ce6629f554363da10324ca6d4be7a5.jpg,0 0.5 0 0 100 100
20251023_152607_jpg.rf.dd5102c870e2c7b1a7b92bbba9a25f53.jpg,0 0.5 0 0 100 100
IMG_20251027_164628_jpg.rf.b1ff0c4898c945f914077887c04f7876.jpg,0 0.5 0 0 100 100
IMG_2849_jpg.rf.f6b0564d32d07fb9e3bf55bfd28f7fdb.jpg,0 0.5 0 0 100 100
20251027_165430_jpg.rf.0e58f951ca2250061ebc11157d374288.jpg,0 0.5 0 0 100 100
20251029_125843_jpg.rf.abfc7c93ad5d05adc08fa6db906e9b37.jpg,0 0.5 0 0 100 100
IMG_2768_jpg.rf.c1774922cd3695c8fbcd8a22977f1c87.jpg,0 0.5 0 0 100 100
IMG_1074_jpg.rf.55c6d5aaaf5aaa9d681c8c03e67365bf.jpg,0 0.5 0 0 100 100
IMG_2451_jpg.rf.372971ac464132fbda79ad75092c5642.jpg,0 0.5 0 0 100 100
IMG_20251024_165213_jpg.rf.3b25054362c8d1d7fcd96b08e13af0db.jpg,0 0.5 0 0 100 100
IMG_20251028_162856_jpg.rf.0491c6ed1cfbea2b5426206ce5fd2464.jpg,0 0.5 0 0 100 100
IMG_20251024_161300_jpg.rf.9db62f6f6fb7e6c7831d7dbf3c2ae960.jpg,0 0.5 0 0 100 100
20251029_122045_jpg.rf.f6bd52faf79242a73ba3026c6e451f81.jpg,0 0.5 0 0 100 100
IMG_2496_jpg.rf.41fccca6f95325f807408354c98e45b8.jpg,0 0.5 0 0 100 100
IMG_3299_jpg.rf.2b5da3d3a0f46ef6a2b854c4ce3bd5cf.jpg,0 0.5 0 0 100 100
IMG_1385_jpg.rf.35a32b87a012ae4c7bd6b6142b746c64.jpg,0 0.5 0 0 100 100
IMG_5906_JPG.rf.be541301a8084b34f7a857e96bc892ee.jpg,0 0.5 0 0 100 100
IMG_0986_jpg.rf.69e046fe310bd15460e2425cbd5d42bf.jpg,0 0.5 0 0 100 100
20251029_125412_jpg.rf.05a52ae3bace6d90021a7ce9f7d08df7.jpg,0 0.5 0 0 100 100
20251027_171228_jpg.rf.82f6e9880065ff76a14539626f45701a.jpg,0 0.5 0 0 100 100
Screenshot-2025-10-24-143358_png.rf.24022da59468515f6d63b9cdf861b1d9.jpg,0 0.5 0 0 100 100
IMG_2983_jpg.rf.9bea25244848365b2360983e2865cb82.jpg,0 0.5 0 0 100 100
IMG_2788_jpg.rf.fa831a20ef244d251aab01dacb1b1fe8.jpg,0 0.5 0 0 100 100
IMG_2532_jpg.rf.8fbf08ba1db50fab1bcdcd5ec6376cb9.jpg,0 0.5 0 0 100 100
IMG_20251028_165643_jpg.rf.c8491897edcf9ca29eee61e1e308fbfc.jpg,0 0.5 0 0 100 100
IMG_2601_jpg.rf.b1754521c6b63910b056f25c15e2d5ad.jpg,0 0.5 0 0 100 100
IMG_1404_jpg.rf.c379d698aaf90fc8229d0daeea7b6b83.jpg,0 0.5 0 0 100 100
Screenshot-2025-10-24-145055_png.rf.03ac71eff21a5cdad4edcaee5663c764.jpg,0 0.5 0 0 100 100
20251029_125644_jpg.rf.5fbbee3ff5ec43c20233f5c1a45a703b.jpg,0 0.5 0 0 100 100
20251029_125508_jpg.rf.f2dabc0dd52f0270754c2c7fbaa0815b.jpg,0 0.5 0 0 100 100
IMG_20251027_171249_jpg.rf.98087fb516bdbd0053ebe61e260c4c2c.jpg,0 0.5 0 0 100 100
IMG_3264_jpg.rf.45f8e81e081bbe7ebab7e36818a99ebe.jpg,0 0.5 0 0 100 100
IMG_3142_jpg.rf.5917b0c7d1bd29b4a90e97c453aa9874.jpg,0 0.5 0 0 100 100
20251029_124415_jpg.rf.a11b9346ba6fe3af1b934c594eb7e9b8.jpg,0 0.5 0 0 100 100
20251022_152432_jpg.rf.fc632d34151e0f87a0563c75470679d9.jpg,0 0.5 0 0 100 100
20251027_170128_jpg.rf.87c63b60c519791af1578e836b89e85b.jpg,0 0.5 0 0 100 100
IMG_3061_jpg.rf.582cd30fec9cc7d182817ff3127ca5db.jpg,0 0.5 0 0 100 100
IMG_0870_jpg.rf.b6639813c436c2f1dd60874880de5717.jpg,0 0.5 0 0 100 100
IMG_20251027_164458_jpg.rf.d73bd888fbb2f1d91e3a4fda615adf25.jpg,0 0.5 0 0 100 100
20251029_123931_jpg.rf.322e708f2d0f8bd3253e858bab157443.jpg,0 0.5 0 0 100 100
IMG_2978_jpg.rf.c5d5400dda4aac20438494cea6d87cfd.jpg,0 0.5 0 0 100 100
20251029_122357-0-_jpg.rf.84888daa145f08dfac4084b5b7e38c43.jpg,0 0.5 0 0 100 100
20251022_152853_jpg.rf.13325e7c9213ec1109db06da3884e118.jpg,0 0.5 0 0 100 100
IMG_1679_jpg.rf.8482ea585552d6898d59669dc7dbdc06.jpg,0 0.5 0 0 100 100
IMG_0884_jpg.rf.6f7a152dc8f00649041e04b3812a43ff.jpg,0 0.5 0 0 100 100
20251027_172039_jpg.rf.e13588e93cb0b085ee1adc4b7e7efd78.jpg,0 0.5 0 0 100 100
IMG_3245_jpg.rf.e914db182855dc0843b10bc655701a26.jpg,0 0.5 0 0 100 100
IMG_2685_jpg.rf.593382d7ed8ce69f7039c3fa26693c17.jpg,0 0.5 0 0 100 100
IMG_2872_jpg.rf.faed03d96a351c0abf4b854eef398723.jpg,0 0.5 0 0 100 100
IMG_2345_jpg.rf.cccd95413f73a3e94df83961db2dbf60.jpg,0 0.5 0 0 100 100
IMG_2456_jpg.rf.d56487789b20a43bc7707de92b62a1b0.jpg,0 0.5 0 0 100 100
20251022_153027_jpg.rf.351835f884eecf53bf4aeb17637843c0.jpg,0 0.5 0 0 100 100
IMG_1329_jpg.rf.ebe838d06e951910871ccbe6688bd1dd.jpg,0 0.5 0 0 100 100
IMG_20251027_172037_jpg.rf.3919459fc998735f41f38cf6f0f0d411.jpg,0 0.5 0 0 100 100
IMG_1091_jpg.rf.e4ed6c01c1a91cdd79482142a2d34bcd.jpg,0 0.5 0 0 100 100
IMG_20251027_170622_jpg.rf.e66ff50119afd2026bec64f77b4f3249.jpg,0 0.5 0 0 100 100
IMG_20251027_170701_jpg.rf.2457ca764acffa1aeb68ee365d5e68f6.jpg,0 0.5 0 0 100 100
IMG_20251027_170134_jpg.rf.ba685e58b643f33d19ddf3261c29e265.jpg,0 0.5 0 0 100 100
IMG_20251027_164958_jpg.rf.5baa0cb1288e6b47c96bc51032a1d784.jpg,0 0.5 0 0 100 100
IMG_20251024_164727_jpg.rf.fdb905fee29b501f25f204118c87b272.jpg,0 0.5 0 0 100 100
Screenshot-2025-10-24-143820_png.rf.b482f4a41c92332255b48d5d56bfb403.jpg,0 0.5 0 0 100 100
IMG_2932_jpg.rf.04d9b48c653dc475086e54c1727b2d80.jpg,0 0.5 0 0 100 100
Screenshot-2025-10-24-144901_png.rf.0b4401c290069e3d8e1bade9a2118557.jpg,0 0.5 0 0 100 100
IMG_2236_jpg.rf.6faac2cdd7c886054c3f4d81056f5866.jpg,0 0.5 0 0 100 100
IMG_2549_jpg.rf.e40615b9b3e81dc429c0752128331ef2.jpg,0 0.5 0 0 100 100
20251029_125620_jpg.rf.e585e89d5710b4c56999e8f79c9a8e5d.jpg,0 0.5 0 0 100 100
20251022_152158_jpg.rf.66fff3858616d8b9ebdacfc2612cda2e.jpg,0 0.5 0 0 100 100
IMG_20251028_162301_jpg.rf.95e9577909d0a269896e9a20648d0f7d.jpg,0 0.5 0 0 100 100
IMG_20251024_163929_jpg.rf.226880a739cc681d0591551527b8f2d8.jpg,0 0.5 0 0 100 100
Screenshot-2025-10-24-150026_png.rf.e1925fed73c99490b2f813b5ed2a0abd.jpg,0 0.5 0 0 100 100
IMG_20251028_164918_jpg.rf.1d4c3cf34603bf2ef1012e31380ccd6f.jpg,0 0.5 0 0 100 100
IMG_5802_JPG.rf.de5da535559e7c6ac26a4c7c4398a2b1.jpg,0 0.5 0 0 100 100
20251029_125832_jpg.rf.c807a74be3efd2d4b61728809da47f6c.jpg,0 0.5 0 0 100 100
IMG_20251028_165243_jpg.rf.de5fc17106bc355c62f7b5f3cca8758e.jpg,0 0.5 0 0 100 100
IMG_20251028_162303_jpg.rf.8f935a238a73ba5aaf493f89fad24599.jpg,0 0.5 0 0 100 100
Screenshot-2025-10-24-143434_png.rf.65f8dff1282883ec7a42d187d274bad6.jpg,0 0.5 0 0 100 100
IMG_5808_JPG.rf.cbd7f1047c5bd8792a14d65b98a91863.jpg,0 0.5 0 0 100 100
IMG_3204_jpg.rf.95ac05c504b5e4fe2c2c99f8400fb967.jpg,0 0.5 0 0 100 100
20251027_170904_jpg.rf.745c44d697925ef6e1bf7427db300bb1.jpg,0 0.5 0 0 100 100
IMG_20251028_163252_jpg.rf.15fdb9098c7ccb7a457323ef5a0451fd.jpg,0 0.5 0 0 100 100
20251029_125251_jpg.rf.4154115b1b273f1acfee384463481e28.jpg,0 0.5 0 0 100 100
IMG_20251024_165158_jpg.rf.a9a9bc9d42f585022105d520ff84648f.jpg,0 0.5 0 0 100 100
20251029_124204_jpg.rf.020bddf7437b7e46bb68cad9cf8a1a8e.jpg,0 0.5 0 0 100 100
IMG_2781_jpg.rf.9544cf90adaf01aa146c1c94e43f6019.jpg,0 0.5 0 0 100 100
IMG_2552_jpg.rf.3c62a212217eeedbe914c71df52cca16.jpg,0 0.5 0 0 100 100
20251022_151408_jpg.rf.798de2080b36512079b0ae7b231a4e88.jpg,0 0.5 0 0 100 100
IMG_1377_jpg.rf.ff70e5f24e345401c9ed8a50e43bddcb.jpg,0 0.5 0 0 100 100
IMG_2312_jpg.rf.8f155ae3ee00f87c000a17a59f340bed.jpg,0 0.5 0 0 100 100
IMG_2654_jpg.rf.62be8f9cee421a1af85c130bb4c176ac.jpg,0 0.5 0 0 100 100
IMG_1417_jpg.rf.2763a3db474cf1c210e46aaa8072c4dc.jpg,0 0.5 0 0 100 100
20251029_125017_jpg.rf.3cc3d6a1bafef04822203a52018b71d7.jpg,0 0.5 0 0 100 100
20251029_125445_jpg.rf.0d32d5fdb67e711b82cae3254d4c131f.jpg,0 0.5 0 0 100 100
20251022_151319_jpg.rf.a4cddaa3ad1c373fa123795a0a833406.jpg,0 0.5 0 0 100 100
IMG_2662_jpg.rf.ff0a8fb079db721bc7c347968757e3f2.jpg,0 0.5 0 0 100 100
IMG_2769_jpg.rf.2351be2daa8198d534d84a5829d4306b.jpg,0 0.5 0 0 100 100
Screenshot-2025-10-24-144513_png.rf.1b78b0ae444e037b62a834e4a99a0a29.jpg,0 0.5 0 0 100 100
IMG_3013_jpg.rf.0332961b37c31694682adf862111574d.jpg,0 0.5 0 0 100 100
IMG_1361_jpg.rf.ed6e978c45511e6f91c873d059d2c496.jpg,0 0.5 0 0 100 100
Screenshot-2025-10-24-144524_png.rf.19d371e067a34e46fcb246e27ae29acd.jpg,0 0.5 0 0 100 100
20251022_151546_jpg.rf.b786d593c7953be41d37eb7e4f9fb02e.jpg,0 0.5 0 0 100 100
IMG_2362_jpg.rf.f33574c4060b889c62dd97c6c7315efc.jpg,0 0.5 0 0 100 100
IMG_1783_jpg.rf.4faebef234b567ca68cc89334118143e.jpg,0 0.5 0 0 100 100
IMG_2784_jpg.rf.0aaf00bcc7b8170cae970dfee7cabab9.jpg,0 0.5 0 0 100 100
IMG_5923_JPG.rf.588d6f680f30eab506e87286f50cf1f7.jpg,0 0.5 0 0 100 100
IMG_2615_jpg.rf.f379ce75b15217cc9d4b766abdd660e1.jpg,0 0.5 0 0 100 100
20251023_153647_jpg.rf.52b1419da5ec505a9ee2fafb279397fa.jpg,0 0.5 0 0 100 100
z7166661141386_e4b8a1e710c437d780793d06468e84d5_jpg.rf.5a7131186fe61dffcf0a3d6d737ec960.jpg,0 0.5 0 0 100 100
IMG_2514_jpg.rf.62fe9d240ac9ddf1c8f44747bc0b2447.jpg,0 0.5 0 0 100 100
IMG_1240_jpg.rf.f47c3f8902094719305c16b99c3744c5.jpg,0 0.5 0 0 100 100
IMG_1801_jpg.rf.8fe59b0fd9607ce779d862461e9fb5ce.jpg,0 0.5 0 0 100 100
IMG_0900_jpg.rf.1237f6cfb826dd5e0c9d3f9a4c63e9b3.jpg,0 0.5 0 0 100 100
IMG_3257_jpg.rf.33ebff764dd9630fa688ace459890d6a.jpg,0 0.5 0 0 100 100
IMG_20251027_172206_jpg.rf.77c1a0bde9efee6697f74d032b915544.jpg,0 0.5 0 0 100 100
Screenshot-2025-10-24-144335_png.rf.0715b2212e3179516ca1d039a015e300.jpg,0 0.5 0 0 100 100
IMG_2819_jpg.rf.70bf92f923799f846aa9b13c791bde17.jpg,0 0.5 0 0 100 100
Screenshot-2025-10-24-145824_png.rf.7827f9663b05ae3f459b034d279dce4a.jpg,0 0.5 0 0 100 100
20251028_164519_jpg.rf.fbc563c2b1c5b3e6eb289b63fdc5c60d.jpg,0 0.5 0 0 100 100
20251023_153434_jpg.rf.9bd6833c2dc450b63a449a0666d526b0.jpg,0 0.5 0 0 100 100
IMG_3151_jpg.rf.82417f8018336423983a0422e901e5f3.jpg,0 0.5 0 0 100 100
IMG_20251024_165039_jpg.rf.c44e9fe717bcea49ea4bc4de32a6c3d0.jpg,0 0.5 0 0 100 100
IMG_20251028_162554_jpg.rf.6b58ef8a61d8c5a01cec9c9a2ad1e340.jpg,0 0.5 0 0 100 100
IMG_2313_jpg.rf.a66390d895fa8fdb80d87deb76404cc9.jpg,0 0.5 0 0 100 100
IMG_5890_JPG.rf.b7a572d42f9541a730773805c81b7bfc.jpg,0 0.5 0 0 100 100
Screenshot-2025-10-24-143418_png.rf.6b36a30af76704a742263aac14092e23.jpg,0 0.5 0 0 100 100
IMG_2814_jpg.rf.2f7b1367089998049714fd6025e7c565.jpg,0 0.5 0 0 100 100
Screenshot-2025-10-24-145102_png.rf.79b524377e456a387f6a206fa38d972e.jpg,0 0.5 0 0 100 100
IMG_1409_jpg.rf.eba832b0524efedf49cceb23305fb92e.jpg,0 0.5 0 0 100 100
Screenshot-2025-10-24-145520_png.rf.2710c9f3b53d7e6d8adf5f1a52b19d70.jpg,0 0.5 0 0 100 100
20251029_090434_jpg.rf.b62989916477a089d4cebd9ecfb83d18.jpg,0 0.5 0 0 100 100
IMG_3168_jpg.rf.38331075dd6e02d1f30802cda121bdb8.jpg,0 0.5 0 0 100 100
IMG_2180_jpg.rf.8ac748f2cf8860d2ea5c1b7c0b589e57.jpg,0 0.5 0 0 100 100
IMG_20251027_172503_jpg.rf.2e156ae16467f2faa461352807cd9b36.jpg,0 0.5 0 0 100 100
IMG_2986_jpg.rf.bda5cadc099909138ae704d55fec6f36.jpg,0 0.5 0 0 100 100
IMG_20251028_161202_jpg.rf.e17f1f787e266ee8d6a46fd848fb2315.jpg,0 0.5 0 0 100 100
Screenshot-2025-10-24-150119_png.rf.0846e51672f9596b9b6259b15077a2e9.jpg,0 0.5 0 0 100 100
20251027_170146_jpg.rf.c85a5b84bc89c3ab8d548ee03489ccdd.jpg,0 0.5 0 0 100 100
20251029_125216_jpg.rf.961785d7da797ccaad91d61572051032.jpg,0 0.5 0 0 100 100
IMG_2219_jpg.rf.aed9516588aab85573b5fd095e6745e7.jpg,0 0.5 0 0 100 100
IMG_2910_jpg.rf.a786bc8d1d7fbf79656fbeca1a78c8f9.jpg,0 0.5 0 0 100 100
20251027_165548_jpg.rf.7adc78324dcfb0bb11164ff4051f201a.jpg,0 0.5 0 0 100 100
IMG_2919_jpg.rf.df6e083358107740f2bbeff758e439e0.jpg,0 0.5 0 0 100 100
Screenshot-2025-10-24-145044_png.rf.8da403dffc9f9a506b98528d104e191a.jpg,0 0.5 0 0 100 100
20251028_165015_jpg.rf.9878bcc53c87df2218ae9918b9209c54.jpg,0 0.5 0 0 100 100
20251029_125307_jpg.rf.33010391d05f80212f64e4314b3d6125.jpg,0 0.5 0 0 100 100
20251027_171234_jpg.rf.a3387ab4e3e0c8e8330922540d35a417.jpg,0 0.5 0 0 100 100
Screenshot-2025-10-24-145715_png.rf.db7728707bbb50205c3429ff99d0b238.jpg,0 0.5 0 0 100 100
IMG_20251028_163013_jpg.rf.c1b48a37588d17bba6e45ae140ce0f56.jpg,0 0.5 0 0 100 100
IMG_20251027_170714_jpg.rf.470a07ad0af6f2df47f77e1abb567a66.jpg,0 0.5 0 0 100 100
20251027_171758_jpg.rf.4e782617025294c03cc6b659ba323c69.jpg,0 0.5 0 0 100 100
20251023_155011_jpg.rf.1f3cf835a87630b83e4d94d3308896a2.jpg,0 0.5 0 0 100 100
20251027_170137_jpg.rf.ce495b4e21dffdece2c373b7050b21b4.jpg,0 0.5 0 0 100 100
IMG_3255_jpg.rf.526a1074ea99fa59b35c483a6d8cd017.jpg,0 0.5 0 0 100 100
IMG_5806_JPG.rf.77e1ea995b1556dcc5b903b7c4af1fbf.jpg,0 0.5 0 0 100 100
IMG_1728_jpg.rf.edf97edcad76c40f3a123429455f780e.jpg,0 0.5 0 0 100 100
574500401_2057295715024201_409079915801224302_n_jpg.rf.2d327af8750ad9c096678d4a220ee1a1.jpg,0 0.5 0 0 100 100
20251027_172250_jpg.rf.d03f5847c086b4f15baff92b1c1623cd.jpg,0 0.5 0 0 100 100
IMG_2839_jpg.rf.591cc01a595eb42675ac1b17e266ac8a.jpg,0 0.5 0 0 100 100
20251027_165721_jpg.rf.b3a27b026b91b9087241f5436a47f631.jpg,0 0.5 0 0 100 100
20251027_163546_jpg.rf.f3253e018f445671f6506dc68452abdf.jpg,0 0.5 0 0 100 100
IMG_2707_jpg.rf.5ba3754b59cb7ee5c1c50541f0835a94.jpg,0 0.5 0 0 100 100
IMG_2838_jpg.rf.dd245770a816c5273685935d8344480c.jpg,0 0.5 0 0 100 100
IMG_3100_jpg.rf.5e95787134872033f224b4dc28bfa93f.jpg,0 0.5 0 0 100 100
IMG_20251028_165910_jpg.rf.e80d71fc062fc8daae67fe6118b19906.jpg,0 0.5 0 0 100 100
20251029_124728_jpg.rf.c86f0b0480370856b7add96e74084b86.jpg,0 0.5 0 0 100 100
IMG_20251028_165532_jpg.rf.f6535e781803cbcc7eddffaca5219356.jpg,0 0.5 0 0 100 100
IMG_20251024_161339_jpg.rf.8ccf8cf47169e580b84d4a53edf6bf6c.jpg,0 0.5 0 0 100 100
IMG_20251024_164502_jpg.rf.787c4a21b2cc76d9afe26dec91389f9f.jpg,0 0.5 0 0 100 100
IMG_1807_jpg.rf.25aada788cb0dcafcad65b7b1e935f5c.jpg,0 0.5 0 0 100 100
20251027_171327_jpg.rf.dcc464473d2a65455b1c42fc880e0217.jpg,0 0.5 0 0 100 100
IMG_20251027_165746_jpg.rf.0537ebbb0cacddeb355be8aa0a6d1271.jpg,0 0.5 0 0 100 100
IMG_3113_jpg.rf.a8d49af98feef08d57611e7c85bd5250.jpg,0 0.5 0 0 100 100
20251027_171536_jpg.rf.cfaa9a90ac19569200270d27edfdbe01.jpg,0 0.5 0 0 100 100
20251029_124754_jpg.rf.60f896e868e60a87486bbdeaebc70376.jpg,0 0.5 0 0 100 100
Screenshot-2025-10-24-145845_png.rf.004e3e290721c17599c8c89907c9eead.jpg,0 0.5 0 0 100 100
IMG_5871_JPG.rf.313e65bfd9be564d359f0ef995997724.jpg,0 0.5 0 0 100 100
20251028_161818_jpg.rf.24edd2ab8ba277f35ff1e0ebe12604dd.jpg,0 0.5 0 0 100 100
20251023_152910_jpg.rf.2f964fe4ff16f88ce417817a38ee42c7.jpg,0 0.5 0 0 100 100
IMG_3060_jpg.rf.f953daba9240d3bdf363ecac94734266.jpg,0 0.5 0 0 100 100
IMG_2806_jpg.rf.f328a27727b4b4e2a151a551ce1815a8.jpg,0 0.5 0 0 100 100
20251029_124635_jpg.rf.7b5cc1e214aca35e519f915a474cc87d.jpg,0 0.5 0 0 100 100
IMG_5840_JPG.rf.3272246c27e9e210d1aef2f6aa497ebe.jpg,0 0.5 0 0 100 100
IMG_20251024_162921_jpg.rf.a4d3103b61717013f247f6b1ae3013e1.jpg,0 0.5 0 0 100 100
IMG_2376_jpg.rf.9e4f35c34b60b918fea0f62c8f8eea1a.jpg,0 0.5 0 0 100 100
IMG_2808_jpg.rf.c2fa4795ca34acda3ca1a415a236e480.jpg,0 0.5 0 0 100 100
IMG_0697_jpg.rf.7a054f7491fc5757e42e3ad5681e48c5.jpg,0 0.5 0 0 100 100
IMG_2911_jpg.rf.061efd0895ef21bcf4121941e004d63b.jpg,0 0.5 0 0 100 100
IMG_3277_jpg.rf.0a4f25c5a44ae5a8ed12013899e7948e.jpg,0 0.5 0 0 100 100
IMG_2415_jpg.rf.c3aea268320ff9a0427414c0aa4a7e55.jpg,0 0.5 0 0 100 100
IMG_2655_jpg.rf.b287f918172b655409ac8bdcb70197f1.jpg,0 0.5 0 0 100 100
571160924_24243716685302618_5466304661157703542_n_jpg.rf.4f5524f2bd5f594c1469633514fe0a2a.jpg,0 0.5 0 0 100 100
IMG_20251027_171459_jpg.rf.5d9995b32b7702cdfbe1025c036d3af2.jpg,0 0.5 0 0 100 100
20251029_090431_jpg.rf.193e1d229b56b6ac72e7879eb9d385e6.jpg,0 0.5 0 0 100 100
IMG_5887_JPG.rf.cbae7e35405ac3e2e42183388174118e.jpg,0 0.5 0 0 100 100
IMG_1391_jpg.rf.a3be4b89e707f139f435d4f527f2ce6d.jpg,0 0.5 0 0 100 100
20251023_154336_jpg.rf.286352df27706b0349d6d269acce8e48.jpg,0 0.5 0 0 100 100
20251027_165335_jpg.rf.f7c7a8db1578095a461b687a542d40f5.jpg,0 0.5 0 0 100 100
IMG_2635_jpg.rf.fd6e71f4a5dba108c17963c56f14cc4f.jpg,0 0.5 0 0 100 100
IMG_20251027_164713_jpg.rf.a04fe264b03e9b2b2a330c5dee1f9417.jpg,0 0.5 0 0 100 100
IMG_20251027_165649_jpg.rf.e624be89c96db39092b6c14f67fba397.jpg,0 0.5 0 0 100 100
20251027_171116_jpg.rf.45e0d7b85b24404d1f1219dc59e2b487.jpg,0 0.5 0 0 100 100
IMG_3296_jpg.rf.bb15e676c51720db35a37c73950abaa7.jpg,0 0.5 0 0 100 100
20251023_154145_jpg.rf.f45479645903532964ad43d2dc419cce.jpg,0 0.5 0 0 100 100
20251023_154242_jpg.rf.dd1de21a80a93aaf46aabbd3c96e424c.jpg,0 0.5 0 0 100 100
IMG_3362_jpg.rf.120275969245181eb7edd3ee4506f47e.jpg,0 0.5 0 0 100 100
IMG_2449_jpg.rf.f833fb1f3ceb8368cb34f2fc4d9d9be7.jpg,0 0.5 0 0 100 100
IMG_2402_jpg.rf.7d2c2e64f265e1eb762699bbbfda435e.jpg,0 0.5 0 0 100 100
Screenshot-2025-10-24-145318_png.rf.f59acc6500c5cf358a2f4deae27700c7.jpg,0 0.5 0 0 100 100
IMG_5903_JPG.rf.7912fe954fb4e8f4c9d622a26c925d81.jpg,0 0.5 0 0 100 100
Screenshot-2025-10-24-144606_png.rf.fb9feb237823ecd56be79dcf87035b24.jpg,0 0.5 0 0 100 100
IMG_2815_jpg.rf.efe887999cfd0afb5fcfcdaa469a9d1b.jpg,0 0.5 0 0 100 100
IMG_3062_jpg.rf.3e252b0956fa987321de0e6908b42209.jpg,0 0.5 0 0 100 100
IMG_1038_jpg.rf.08cebef99e7a263114ed2786f93ac76b.jpg,0 0.5 0 0 100 100
z7166656929685_eb0424e72b8304a692684274a3edfafe_jpg.rf.504a7bdabef3fbbe46d9ee5d645e298f.jpg,0 0.5 0 0 100 100
IMG_3052_jpg.rf.ef05e865976b4c3c1f192a8785920a50.jpg,0 0.5 0 0 100 100
IMG_2374_jpg.rf.4851ee55d88356eb77d97894e85fb0a0.jpg,0 0.5 0 0 100 100
IMG_2524_jpg.rf.bb325ff6950ec0146faea8b3f8ae998d.jpg,0 0.5 0 0 100 100
IMG_1371_jpg.rf.851fbaba2fd33fe7268e9d8686c6b26e.jpg,0 0.5 0 0 100 100
20251027_170728_jpg.rf.7f0bd34d55d0db41f931d8fc5c07f6bc.jpg,0 0.5 0 0 100 100
IMG_20251028_160802_jpg.rf.69f9699ae5ea62da44fa28170f90c712.jpg,0 0.5 0 0 100 100
IMG_1116_jpg.rf.efb64c9ccd5f5c5b1258907bbd5d9001.jpg,0 0.5 0 0 100 100
20251023_153538_jpg.rf.9570d59109a9c7c46aafba0e7edca095.jpg,0 0.5 0 0 100 100
IMG_20251027_171439_jpg.rf.260c09e55a911ae817a4c5e62a58a3a1.jpg,0 0.5 0 0 100 100
20251027_170552_jpg.rf.8a23f4191f1ac1dd53ab14e8994f4b62.jpg,0 0.5 0 0 100 100
IMG_2488_jpg.rf.c7e9f07962881cab4648cb495befdffa.jpg,0 0.5 0 0 100 100
IMG_2433_jpg.rf.e465e8b124650f7d0742aa6b7e49c969.jpg,0 0.5 0 0 100 100
IMG_20251024_161503_jpg.rf.929233999ca0d9a7c01fed956378cb3a.jpg,0 0.5 0 0 100 100
IMG_2361_jpg.rf.95d36d464953ed52719c4ecce38c8e87.jpg,0 0.5 0 0 100 100
IMG_2543_jpg.rf.37d7ee76ea5d53874664b9ad9d8248db.jpg,0 0.5 0 0 100 100
IMG_20251027_165256_jpg.rf.ddff516e6c5d98e9ece39f3dbd772c41.jpg,0 0.5 0 0 100 100
IMG_2669_jpg.rf.8eebe571c31d5fcd4e5e174dcd2f9328.jpg,0 0.5 0 0 100 100
IMG_20251024_160544_jpg.rf.6ee099575d7ac10fe1afef12fe821bad.jpg,0 0.5 0 0 100 100
IMG_2481_jpg.rf.c6308f94d265a3d5ede7316a1bae7147.jpg,0 0.5 0 0 100 100
IMG_5805_JPG.rf.6f1f6903d49a187652f5b427d81f51ca.jpg,0 0.5 0 0 100 100
IMG_3216_jpg.rf.a3213edde6e3e7233156f1a89f73d133.jpg,0 0.5 0 0 100 100
IMG_20251024_161500_jpg.rf.8e20b8065bd6dbf78a148ba73952200b.jpg,0 0.5 0 0 100 100
IMG_5782_JPG.rf.839db30af4ed2e09c6d622a36d1d8ebe.jpg,0 0.5 0 0 100 100
IMG_20251027_165652_jpg.rf.f5654beca00165341fda0f27ba8b6604.jpg,0 0.5 0 0 100 100
IMG_1757_jpg.rf.ba2dea81a16d18604003653364551cce.jpg,0 0.5 0 0 100 100
IMG_2352_jpg.rf.4370f0bdd3618a9938b57512dfbf4573.jpg,0 0.5 0 0 100 100
IMG_20251027_170229_jpg.rf.103bf54c82b8ed3eaeef8221e04297a4.jpg,0 0.5 0 0 100 100
IMG_2204_jpg.rf.3ce284f4b4a5f80d49fb8a19f855f7f5.jpg,0 0.5 0 0 100 100
IMG_2436_jpg.rf.151e78324bed7f30f204a4121621d760.jpg,0 0.5 0 0 100 100
IMG_20251027_171722_jpg.rf.ac741367c88c57e9cbbd75e2f1b4d805.jpg,0 0.5 0 0 100 100
20251028_161306_jpg.rf.ec1df43d4858d733f060ec4912ca1f02.jpg,0 0.5 0 0 100 100
20251023_153410_jpg.rf.9a0909f1323ab9c61a72e91a53c93709.jpg,0 0.5 0 0 100 100
IMG_5795_JPG.rf.5b3163b508757856a35c8feae6fab8e7.jpg,0 0.5 0 0 100 100
IMG_1748_jpg.rf.990dcd5db4058ecf2f8f7441618c2dc0.jpg,0 0.5 0 0 100 100
20251029_125902_jpg.rf.7307f760efac95e625f4557c1255ea6b.jpg,0 0.5 0 0 100 100
20251023_153725_jpg.rf.15fd0bf5c5994ff8c7f1c394e73db8af.jpg,0 0.5 0 0 100 100
20251027_172407_jpg.rf.e6fb060a61e9ce2bc9c9d86c56b0af67.jpg,0 0.5 0 0 100 100
IMG_2740_jpg.rf.f11d3b9c74d04e844a092cfb6d238276.jpg,0 0.5 0 0 100 100
20251023_154656_jpg.rf.f9e62b9e4dabcf8cf4b13e24452a8854.jpg,0 0.5 0 0 100 100
20251023_152700_jpg.rf.04c5bd5f63f31888d250ff6cddaadc65.jpg,0 0.5 0 0 100 100
IMG_2922_jpg.rf.0a3c1610e5ccbd661d5b157fd3dc79a9.jpg,0 0.5 0 0 100 100
20251028_171013_jpg.rf.fc761bf8e17e8267f3360b0b41dcbb68.jpg,0 0.5 0 0 100 100
IMG_2201_jpg.rf.f3d5d47a304e37ed97bc8118a2daa547.jpg,0 0.5 0 0 100 100
IMG_20251024_162442_jpg.rf.e0e81eeafccdce6a2f6c77cbe3b55b2a.jpg,0 0.5 0 0 100 100
IMG_0723_jpg.rf.c323d3a672b29d72a9a90cd796015fee.jpg,0 0.5 0 0 100 100
IMG_3274_jpg.rf.e921834492123180ff496ce139cb334b.jpg,0 0.5 0 0 100 100
IMG_2340_jpg.rf.ba0284a8c8a12025c0a1ac61da124569.jpg,0 0.5 0 0 100 100
IMG_1725_jpg.rf.757681166acdf08d40696a8b30abc6fd.jpg,0 0.5 0 0 100 100
IMG_1362_jpg.rf.b3a5bc18bea1e8e0c3655a1da0c36a48.jpg,0 0.5 0 0 100 100
IMG_20251024_165745_jpg.rf.7b882304a675f6fac99b7af4298c2f84.jpg,0 0.5 0 0 100 100
IMG_2874_jpg.rf.f239311bff1366caa461d1845bc9d9e5.jpg,0 0.5 0 0 100 100
Screenshot-2025-10-24-145512_png.rf.5d4fa32e62c03329383d0bdabe594a9b.jpg,0 0.5 0 0 100 100
IMG_5904_JPG.rf.622fcecb5a58d4fc6d7db2f42206de84.jpg,0 0.5 0 0 100 100
20251027_170128-0-_jpg.rf.f0a54d9e5d84fba21422f6cb90af0c17.jpg,0 0.5 0 0 100 100
20251027_170129_jpg.rf.0bd3209e5f87b53bf1bac94a317a9b25.jpg,0 0.5 0 0 100 100
IMG_2399_jpg.rf.f858a9f85cf2629af9b4c8fa17b9a83b.jpg,0 0.5 0 0 100 100
IMG_3080_jpg.rf.84e7e9d6eb2b9e36d1aabf64e30ad7e9.jpg,0 0.5 0 0 100 100
20251027_170005_jpg.rf.aa1d1ec3c93b364b9f4472361d2db51b.jpg,0 0.5 0 0 100 100
20251027_171647_jpg.rf.1da1abe6187b569569481cf6a39c4807.jpg,0 0.5 0 0 100 100
Screenshot-2025-10-24-145742_png.rf.690884f943b70f9a98b3aecb23e53fbd.jpg,0 0.5 0 0 100 100
IMG_20251024_162058_jpg.rf.eebf4428452d59f2b4f358c6299e47ca.jpg,0 0.5 0 0 100 100
IMG_2938_jpg.rf.96b2823b47a484642a82f24961d77af6.jpg,0 0.5 0 0 100 100
20251027_172213_jpg.rf.9b6e8171dfa40cd8ad0a1662b2296264.jpg,0 0.5 0 0 100 100
Screenshot-2025-10-24-144418_png.rf.e9b77b644593c172e3bdd6648b90a76a.jpg,0 0.5 0 0 100 100
IMG_20251028_165628_jpg.rf.3ef44b2b58cfd1e0b5fa304b10a0c328.jpg,0 0.5 0 0 100 100
